militarId,senha
1234567890,12345678
2100112911,59743149
8202977827,85503944
2372959522,32399144
8330841516,91372426
2504747318,16254076
6215651574,89770232
3583932077,42311928
7075041559,22700672
9626800365,32291751
1855559448,72255229
1704574589,61484753
9317356414,14362199
4288874094,83364727
4515615226,57640108
4153258729,43380057
1236510141,87138586
1464008717,66449977
5407854925,78453348
3496040203,55344247
4493089627,79109110
1155066377,44279883
9340063082,93877374
4820241564,99577474
1938253849,85128094
8623568770,66263004
9077253558,72434158
8498290236,62523032
8004274697,53844170
5365078767,45635099
7049345921,66686991
9417135322,61496059
7601778118,37358905
8148783168,22041940
1598235464,61903900
5360979233,83979656
7925281399,62935521
7126193480,76355430
8390462310,86451825
1275390636,40548268
8055624514,58404259
5848785590,24363063
9059447058,29326002
8860865340,77661527
7881591513,48096982
3242424289,69492943
9211223727,44759291
8496463555,24245876
4164890344,37250571
5319340415,20823649
7713253821,47396864
8743593264,33283751
9087535758,44980565
2997784034,84170904
9387666535,14815855
4479217072,97650172
3874240959,27703701
6240723551,25423270
1472692737,22357645
8275934645,70055394
9088455419,85358706
6200267908,95235044
4431463683,34659544
9044920419,21951033
9825413050,45027874
3889299296,88535628
8107503600,64639403
3588347941,65553717
4504654968,59440920
8906593328,39748772
3163819444,70148704
7533702661,71633165
8233523246,41114814
4450223355,35460072
2312906208,53251474
3851706723,28703918
6626328771,26057323
6345762296,58286702
9717641545,93180661
9795936160,60086275
7822865115,44923911
7870098085,88005182
6220181865,77652095
7856401582,24954047
9587396502,83337581
8927121488,71087195
4478359750,64114026
4829621199,14103793
8732411652,66262580
7937146730,38115482
2784841018,71828242
4971881508,66211871
7358437623,51205196
4548025369,98275888
6609136912,47260199
8546201098,58551423
2198952908,86085743
7855869802,92147490
7702423115,14751191
8869735567,36043108
1233420739,95894865
6753302802,36765796
4006275894,54853212
4271350647,53123502
4953811318,27822359
7264767082,85548613
2560849657,93758929
5622818815,56785086
9551694728,84940129
7483248159,15299839
6989768810,81419796
2246948400,86692668
4414057169,42966262
3551469519,31493680
2252392739,95149065
2502718250,33027468
4539203770,40401596
9499913310,75996534
6701095382,60348559
9970730904,75277909
2144129140,97735711
4869689969,22247392
5670343696,17658140
4365046545,54626734
4021549152,69617664
7225121916,40422263
9551056538,97330150
5200258766,73258002
5861707719,35417008
5949631744,56752462
3309299592,28802816
8229918694,27935374
5784868876,51825847
1398372618,85513880
5522994365,47460707
7463761697,70294382
5974099957,48799826
6823414940,40701204
2782953038,79229183
8456486510,65890085
5485252526,30209793
3135200786,62693370
9601972884,68971325
1792840692,18381950
3624426131,41260978
6167151008,41153080
6344091512,11462152
6214723231,21358309
5681795442,74847421
8539422708,61278384
5727102586,75305301
2806536460,82866067
9552970089,18011428
9812483534,81220424
6607267604,66720680
7783925170,53663664
1464759550,24642834
5645767930,54775362
3131085706,91811132
1453767346,94333239
7207374029,85131899
4926972980,42643798
7661220897,92551211
3718370423,14271753
3309501650,19504653
6118172834,73957381
3505179188,76019345
9074052909,99314641
6124864115,87554677
9685394784,76594513
3411457421,11462181
5525060337,25744856
7781549731,16669076
5317621412,96633118
5432130169,94269115
2829183061,49522048
7775415176,68829505
2809357162,45283508
4464418701,91294079
8251542897,23799583
3765457846,37862468
2644467662,56875208
3175505432,18381225
1477048555,27934679
2564993157,55861702
4808024075,76428169
7290552037,75741084
2319940036,46340200
5794472558,17885543
3945104365,91164761
7865778519,79163155
3831300043,57745513
6485755780,35602545
6261037516,62864869
9388712194,97927460
3585418080,90880181
2114511009,83297088
8593225770,37428097
9359984696,23006983
9789907915,98468619
1094720401,54847542
7448657978,19239791
6124167120,34599181
5863629735,91201247
7228774026,71907629
3101749092,11453813
8955472043,45189560
1913631880,40676240
3267305509,55057156
2659072542,71508570
4742695394,11475414
9215796754,86589366
9772499237,44529598
2068168667,38543282
8590555920,57692238
3308687219,17784782
3416878700,29118578
7300221479,28233513
3989602432,18313268
5299236088,95288171
9426540604,34803043
1364838660,75292591
2450396978,95550398
1131307367,54276714
9860678650,71469895
5467707105,71501689
6363072702,70586288
9796644612,34558951
4669584810,25080260
9033691454,46796998
3868017051,40465216
5491978539,78187177
9365147710,16777348
6860663465,49615100
5952090057,62913404
4732017997,97368278
5185328118,65205816
6014334942,76932804
8523498920,85855653
4948962248,69931258
8774768489,31647343
1227357438,21180858
4705408451,14802780
7680597116,58135798
1540335888,57796671
9739631154,94155359
3465825663,76064634
7620199130,59929191
9697694335,25106687
5592143894,15715826
4023981951,79096619
1181376170,65768472
5851770084,51921871
3715201525,70580629
9270652986,20177589
3241453273,39603012
3256443118,23073067
9579023652,77638344
9503548955,93146414
8611761701,96528230
7192899499,23719805
8213120932,51050700
3810330379,73047376
2066106876,42663230
1427705423,54236555
9134037808,27321267
6478288028,72612876
6837339207,93289911
4816885523,68453573
5841912189,77256573
1535012705,45066215
6886766821,46168082
7499041597,14538580
2156168533,18510905
8981161899,13956712
7189881413,65059470
6804641107,11552221
1143361672,67424103
6460143855,97598265
6521185027,93375132
6850574437,42677475
2601912191,63356459
4023144400,57613993
9940382550,84175236
7998258874,76357124
6967980981,12087524
1663654838,29109531
8956558965,35304468
8071148602,24830833
3407054780,27846444
7387454095,81271968
5422151578,53727093
5154871349,36141747
3810570763,72285224
4674084412,47070509
4154156127,81470617
7698214588,20900256
9347206362,60386128
5786372639,20507417
2025483389,98526009
8351864642,14183122
2115021916,19269478
3343781129,31603772
3891635702,70362813
9221234240,50525649
6199340769,81806286
7385365370,44685111
6036190750,34292916
3061017652,56161697
6406493726,61229981
4815809263,34804415
9391207703,45352908
2351062762,75445821
1884588519,31690381
9598338995,53571443
3174805814,38103686
4002736809,22305314
4765136938,19589967
1097626023,47796305
8845882725,23331565
1862549541,78218530
2649820434,68328789
8071235026,60622479
6864757373,35810962
9755667570,21550835
5698507888,87712007
4380147503,84056147
8522780608,66818190
8269633936,19975632
4068478882,55080814
4816701041,31524070
7683540902,94391274
8610084305,24651390
5771164708,90809997
7811045914,50230486
6581905836,56032224
8056776090,32406627
5163751025,78699280
3315989868,87721815
5780298540,38148008
4640054863,30904055
5585884282,32087376
9549682533,82161109
2242774825,81341089
4258075949,16119295
7687898748,33436997
2933382972,21050398
3083087060,39100706
7250965696,88221985
4471625100,46702157
6960943329,86818788
8991287253,98444505
5131707393,57199798
4605625509,54359489
1003065559,62523349
1574768788,54296268
8579767134,45701408
3043083937,17293284
5646506122,82993849
9829880519,10975721
5641005434,56735105
8224825837,42959917
4457919493,34593562
7196809057,68002969
6124200580,94608227
3716680573,26971686
5279134110,99369493
5585221973,33744293
1192290557,61029277
4868310741,40735099
6463349116,31234797
7021753059,17683592
8806966836,95776397
6000284675,78716415
9635464378,88836661
1847121327,45060514
5221823212,42805073
7770708665,93791126
8296164215,37033516
7760609618,37603750
1482653107,31987617
6050127235,30817137
5696186373,42826800
6251897842,48327367
2653718654,52626860
2832882261,62695645
8382224835,11357012
3654070692,40163323
5823359452,72295605
4847860052,92568258
9899884740,65968414
1561227836,74403597
1722499817,30040131
6145724794,73745992
8541054568,42031963
9892372666,41155030
8633308266,18809224
7787525076,69025333
7527283022,18506812
3535758876,66259914
7514780533,89416292
2483309380,79166521
4391642815,97931580
4331548352,52451181
1284667973,21696845
9020811328,38426728
7980541506,83753808
4543746799,10045608
6235825177,48168455
9232528735,52617151
4376559276,16927393
3814810660,85012973
1434753174,32826057
4656826178,43111853
7102001785,71134322
9205462240,78858680
6353671369,29126614
6044638027,72368201
3293298173,44215762
5790755698,55416878
3529569172,37664509
6815535787,91989273
4801540545,82079231
7916507455,86813036
1355671791,74171047
5605928375,61388333
5755056521,16358886
1497469757,83864432
7007434522,42048095
1866670295,45845205
6274351848,58568941
7542311000,61182372
9697102356,78747560
5044443413,79865546
6618678430,11194072
3783950049,89668665
7789032469,79245698
8701595632,25177130
3856108763,70551711
4189755831,93017891
7153181693,52516906
9777070251,15287699
7613657848,63613784
1552169450,59774380
2978006508,31135062
1532509232,63918940
6584303575,66541019
1082444459,79027268
6074373432,79693722
9106922230,84327352
6177458938,77974738
2636974039,56059644
8019283179,68737769
6645938244,26523828
5178141725,53126544
7247555670,44824553
5242925501,18381230
1427069167,27820066
5276329995,37123365
3345507939,62440616
2810125294,56953778
9386552345,33806837
6320085450,82052610
6352774504,82125196
4603966357,97699207
7964919918,90678710
1211214855,91034952
7214274388,86617941
2102976446,93565469
2657032666,66863457
1966193589,99495277
4763185626,52409589
5916474134,19873380
5666493174,92073951
1915151545,34315193
1298965578,36141896
3497023262,45319832
7603854162,59049402
2586179433,58561622
6604758427,29513341
5768023401,72243208
1905484149,69771146
2491375333,92380917
5836613460,61750484
3104597602,62450372
6307407607,74361316
6022570264,86150889
6271390468,24371121
4024608657,19937084
9310808202,59687754
1923479211,87575869
2181147716,26117175
9136918752,71454761
5386166365,12636046
8076616506,10921348
6398841020,73478965
5337017017,29523193
7920196722,82594117
1846360292,53838978
6746619527,32483921
8193033693,94157485
2787267368,26122800
9154041610,83514252
2674728559,21886543
8765202996,58972798
8502195868,95494347
4599832458,84248985
8409253349,20774590
4332817845,76760291
4671827541,30584350
1972439629,90662200
2756415691,23724678
9507125469,33809168
4121340155,27370468
8304490475,24168648
8624083351,87728695
8501984063,63537482
9619330519,11013048
7128109879,49700345
1152367770,16384957
2190196838,17433026
5435069009,45694803
6624891540,83557112
1736157150,54101491
5345399309,40311680
7283977560,16532360
3827694369,72046510
7980427400,65539803
3794072711,86915499
7709489343,10463815
9712806704,67702808
8717801124,40089378
1633854076,88275303
8209001896,91609503
7938758096,88333476
9446916154,77226757
7454744355,64704443
9968533895,90400011
5533002065,65570850
3436697417,70584346
4828623156,56603994
6287106674,85396555
5622297785,33335091
4107148956,31504096
1223238641,22648811
6944648286,21449752
8027498963,67974120
7253148848,15352775
2888336680,49806658
9142678030,32666746
8508238119,21416139
3731391779,17900485
5183562559,64323850
1504598280,31269480
7132883176,96872091
4103760885,77894837
5168643324,36427212
3454921913,26152581
8053332176,51062210
3182092632,74627076
7524842550,24708209
6493503781,40582644
1917270687,41395770
6685807758,75179777
7800610669,35277713
3442664945,87663632
1399723870,27513175
5434997639,79406727
4958601208,93343666
7316038968,55550323
5977736684,11856300
5536008913,40980299
9618773729,92596546
8318859393,99149372
2999496118,95220004
3019697878,23766545
6822499581,83434202
2114827253,34364835
7118735559,70142180
7784067572,50322377
4530623238,14074868
5410271530,96736110
1629572539,99161548
1719258307,97529243
4936035777,16504683
3059710976,35895785
9143842949,32315395
9436896500,94499206
8834770306,81537188
3535303725,49156428
2842762065,27260686
3564931597,40735692
6290657372,33119022
6946527588,61102523
4811048127,92863421
8045160295,68282098
4107722572,48415606
1944243383,55051525
6752250141,75669292
5915070315,10111519
3479047930,10362959
4365214395,43827356
6554866274,17176135
5201726269,15143839
2779332664,17069357
8169625851,83560323
2281501642,81844280
3876288208,32788868
4200058306,88527599
8208331001,79671397
9551223124,60772107
4077864472,26085204
3528099970,92421151
2599306398,95661326
5658479833,10181625
7524682969,16245541
4757633404,66644352
2687577403,90411259
6264965019,42518489
7561223223,45462778
5637737706,86398912
1435792581,64829896
6914876313,19247775
7950098854,88513368
9711516112,72070828
9171875952,86155403
5201846068,24549096
7285071482,42421068
9340158878,66146830
7323382274,17621216
8400482880,19435582
7280201533,85606673
1386559409,57940213
3342828840,17805865
3123782643,58206187
9397702061,81995502
5667149234,68665604
6899207251,34454648
5679254483,96272898
1833385596,40348049
1406686618,97278854
2226166303,30812552
3056837190,50989896
4884880842,78030711
8300494252,85022092
7313580240,18968265
8407882894,75423828
4077775575,14809154
5935224716,44409309
9997642024,76422058
2833464959,32085504
3011740725,39915052
6792622624,25852797
5060719243,24276338
5426146768,67878933
9591711471,23074671
6097345977,85849969
9024960676,34375808
8521083162,23539523
2176909273,35939823
9939260658,99018193
1924014638,18485477
7131392998,56282136
1673022168,58689057
6806612108,49018880
5282402910,15263314
7575114869,17045508
3877165615,70046624
9477000653,32924097
9211701461,18409118
5979432104,71128047
1871550916,49676403
7562242578,76155142
7786461118,64246264
4496101319,77252935
6975873847,68100111
6588263829,47100518
7213545917,97058197
9047119425,41522457
9881166651,61408614
5107079288,68233679
8042945863,10819432
9990282375,58172315
6762346318,60253570
7687597469,98324761
3887598251,55520129
8280112187,56442415
2244695546,86429084
7453964798,74944853
4397777405,96200107
6500819424,92804375
3104547165,27096993
7800057567,97857346
2597348023,60616143
1290019946,37720125
8943027879,12695059
7006115104,96153158
1745154646,34182449
7842808461,19773182
6648194144,75381610
1575912521,43633085
2582144759,66208986
5364975352,15834515
8527838741,83009131
6230378560,10321429
1422085806,85754464
4307183452,35860091
3290184447,14598159
1699500476,41658569
6394283365,66668802
1666121342,89186942
4939782032,76815585
9800586064,40907280
6762043539,39840840
4867159347,46844136
4029209383,40968683
9906413307,36830985
3949395271,15844905
6555282240,14838856
2362155834,77310775
5348629261,17059185
3851041466,61412020
4824581690,85941229
1995583154,57661604
4046570601,46621554
3366603305,33099842
8761225339,63834874
7778537457,62875163
1571781344,34346740
5479231448,71082974
1627086499,14053477
1842662329,23486745
9717472240,82267484
4489173474,67411334
4878194888,10796057
2234986664,90898473
4069405041,95759486
3472445844,41100864
2961887781,25170404
5888060326,29275746
3596310348,97923501
4822058435,22717906
5166621865,94792460
2724153515,77441188
5662597411,24613935
4336633717,74693658
3149853060,99526199
1095591522,85850868
8395551099,87981527
4960472160,64313477
8130797065,11692106
6647397756,70654630
5021151789,43483682
6503668471,59269931
2287466768,19115908
9398192688,23562850
1547800567,37904919
4664037642,66604249
6844076331,96533165
8316106438,83025748
3633628402,53859887
6101248236,68882336
7311000543,11619965
5119961064,89908626
5256352013,55769876
3549089503,53040450
8793290272,47406910
1649492169,73323013
7493495440,17677510
3511579018,73369360
8875535142,51792757
9614698616,90113367
8303197982,15934709
9732894643,67310575
8725259288,67911465
5799032262,36045276
4041072232,44075433
5290797303,24231611
7451852418,41818390
4718005390,52190707
5905878235,84622166
2555197794,73699489
8441771436,93518991
2570302692,52377531
7752508006,86525713
9323385582,77799048
4927221445,80273192
7196327644,83818152
6340113669,51890268
6265692523,37858452
3083710490,33699852
2422105784,59363836
6969027462,76390615
1599364017,91504770
6383727743,56328489
6058019846,35541646
1104569823,76945205
8145811160,29430066
9896387246,43475712
5120824828,86767846
7705261469,93699133
3637318929,52615274
6467868714,97493743
9125739778,16733145
9174453488,43225215
4426156777,55576722
9622076541,50548089
9536622136,54029941
3526472794,15227716
4231519988,46724621
5665639198,29190609
4172479367,62288437
6169541149,86098871
9221836063,41892519
7638273507,24529921
5038199190,57944288
4636548285,91231943
5036228903,33120900
4225015258,60697324
6630891685,84551831
8118687368,15771499
3033248523,57234252
9943121391,47333805
5559956359,82123436
5327220505,89463479
8565598422,99084679
2712976520,32287854
8203037679,29658078
1870277159,13383391
9075508227,31055170
2760067534,44817371
9300813865,29870413
5811741064,68676983
7046140282,41997226
9930629603,14257681
7029350445,96958252
3132427101,12378098
9256212358,10945580
1617017818,62760650
7440945341,32143711
6834864261,16109202
4131780870,36013047
5389583270,83800469
1207446712,27035593
3865280752,62153620
9275307379,62054202
8953547463,10010732
9550138782,42271958
2581431122,17986075
3489101502,10635044
7479820298,52108426
5930435789,16952692
9501915537,99538533
1604670457,78103779
4141882641,62485476
9695650813,54092159
8350151272,79616456
9143880274,60328186
6400987769,38959418
9294722552,91220661
1127853100,22057979
9005099684,35775671
7444236314,52315483
8162442945,34577391
4251280482,39194701
4146478301,52193717
2090843308,28890652
8039609592,21684120
3007085096,45937891
6719880674,48434078
1627712332,64552420
5345197769,49052149
6278258631,98147806
6874205349,61533817
3893488608,86447715
1027591205,57362265
9376163213,31133409
4842903156,94946720
4590928492,14707550
5105117477,65557001
7565395563,50130179
3074034013,17709561
5974936936,25748515
8969082923,99195403
7029166613,63941515
9033576670,44321475
6958088822,21523121
5219367294,49379548
5031904762,51182388
4575747524,39902282
7007415478,23328725
8078189154,73677740
4193935990,78388655
4049728011,34147639
4904084995,91066962
9290932631,47052271
6469917036,57729651
6882615848,40571605
7280112985,89738735
8192412426,31257265
9563700563,63072134
7644532919,36103933
8817208874,76930843
5813276096,81277035
5764247306,58974148
2469938673,78732603
6757469894,82444180
1464726158,21911078
5722956316,99598205
3734292579,60624091
9481223027,50982185
4602399243,31876272
1722108196,30727532
5370771649,55546175
4485829621,27697312
1760816085,25725758
4576157088,84307439
3087340786,94194349
5991518284,73054305
9398755759,31031015
1201669215,23244100
7711072074,92663155
1619451676,10456831
4222891467,61186877
6731416315,22263044
5010754761,13790750
1966749264,50982288
1845364830,56922941
2705410800,62442057
2063149589,12503308
2046348306,67232355
4993473751,16757874
6412853253,26455011
1511356027,43264674
1085689820,74556003
7650102794,16946080
2270606209,78999279
7998464517,24940219
9516297920,55399630
2679808597,67579359
1921665910,71269439
5170162301,99394713
4659563705,79159413
2603434101,66366379
3365653301,24872500
4576860797,83300193
8541377936,40095315
5270791228,98094499
2560268544,31669512
5686906995,67196733
9917145300,18188528
7270910138,43777325
1067795346,59228053
7977692119,78776263
4421558541,21936908
6950896302,78999519
8100713294,98235119
3585636597,39850570
9995595925,45852308
4809102606,85580618
4356050719,67049578
6983050096,51652764
2805173284,82438066
4678793281,93066651
3552162616,69306806
5325744778,48152488
8048642930,62824582
5259164192,92177263
6051576075,35345454
4469468259,51166361
5550899125,15035247
9980380266,80023355
5437326490,91864603
6107484255,46719025
7803948522,72389079
5416331669,66670539
6722223865,16490380
9301480772,70507627
4589680609,44936136
6674371201,92692412
3305217539,46723780
5592709822,53466739
7454805129,28280362
9431247819,88774849
1025220047,55669520
7203486030,55180683
7502213598,41707517
2740193368,54489652
7996460401,48435179
9493920508,79261396
2355431773,67108266
7999602959,84245060
6849381846,10409641
3862579358,76605013
7132663587,48190490
9307055844,20950635
8253572429,45913679
2896450833,93317478
9641865378,49076018
7126680242,75850224
